,participant_ID,treatment,block_progressive_ID,trial_ID_in_block,left-0-right,block_type,block_order,block_stimuli,trial_ID,start_position,value_left_1,value_left_2,value_left_3,value_left_4,value_left_5,value_left_6,value_right_1,value_right_2,value_right_3,value_right_4,value_right_5,value_right_6,total_left,total_right,waiting_elapsed,side_chosen,choice_correct,bonus_block_type,bonus_trial_number_chosen,bonus_trial_correct,bonus_total
0,17,2,1,1,1,5,3,2,1,3,20.0,23.0,37.0,48.0,25.0,10.0,67.0,18.0,17.0,55.0,18.0,47.0,184.0,201.0,1487.278999999973,0,0,,,,
1,17,2,1,2,2,5,3,2,2,4,42.0,14.0,42.0,29.0,46.0,19.0,17.0,11.0,62.0,53.0,14.0,10.0,136.0,223.0,401.0639999999751,1,1,,,,
2,17,2,1,3,2,5,3,2,3,4,61.0,56.0,12.0,85.0,51.0,49.0,12.0,14.0,52.0,21.0,31.0,69.0,294.0,219.0,635.0179999999615,0,1,,,,
3,17,2,1,4,1,5,3,2,4,1,11.0,48.0,26.0,10.0,12.0,28.0,60.0,72.0,10.0,28.0,14.0,56.0,133.0,242.0,200.5320000000182,1,1,,,,
4,17,2,1,5,2,5,3,2,5,2,60.0,25.0,52.0,61.0,60.0,14.0,61.0,19.0,53.0,57.0,36.0,57.0,233.0,322.0,969.2379999999604,1,1,,,,
5,17,2,1,6,2,5,3,2,6,4,18.0,59.0,56.0,38.0,17.0,38.0,46.0,41.0,48.0,15.0,29.0,28.0,219.0,214.0,401.063999999978,1,0,,,,
6,17,2,1,7,1,5,3,2,7,1,67.0,18.0,17.0,55.0,18.0,47.0,20.0,23.0,37.0,48.0,25.0,10.0,184.0,201.0,701.8619999999561,0,0,,,,
7,17,2,1,8,2,5,3,2,8,4,18.0,44.0,33.0,41.0,52.0,35.0,10.0,48.0,25.0,10.0,60.0,34.0,212.0,198.0,350.93099999997924,1,0,,,,
8,17,2,1,9,2,5,3,2,9,4,50.0,66.0,37.0,12.0,13.0,38.0,69.0,18.0,28.0,13.0,15.0,57.0,204.0,212.0,367.6420000000245,0,0,,,,
9,17,2,1,10,2,5,3,2,10,2,10.0,56.0,73.0,15.0,31.0,21.0,60.0,46.0,39.0,25.0,26.0,83.0,246.0,239.0,417.97409999998047,0,1,,,,
10,17,2,1,11,1,5,3,2,11,3,21.0,73.0,11.0,16.0,23.0,36.0,16.0,68.0,26.0,37.0,26.0,49.0,123.0,279.0,384.3530000000609,1,1,,,,
11,17,2,1,12,1,5,3,2,12,3,15.0,25.0,76.0,49.0,34.0,58.0,56.0,26.0,10.0,36.0,18.0,70.0,209.0,264.0,317.5089999999908,1,1,,,,
12,17,2,1,13,1,5,3,2,13,1,11.0,35.0,48.0,29.0,33.0,28.0,57.0,55.0,42.0,22.0,53.0,67.0,244.0,236.0,501.329999999987,1,0,,,,
13,17,2,1,14,2,5,3,2,14,4,18.0,38.0,40.0,10.0,54.0,42.0,14.0,19.0,56.0,44.0,12.0,19.0,172.0,194.0,367.64199999997487,1,1,,,,
14,17,2,1,15,2,5,3,2,15,4,24.0,38.0,21.0,43.0,23.0,81.0,54.0,26.0,51.0,40.0,19.0,44.0,272.0,192.0,317.50899999997915,0,1,,,,
15,17,2,1,16,2,5,3,2,16,2,29.0,19.0,21.0,39.0,43.0,58.0,84.0,60.0,32.0,66.0,22.0,24.0,266.0,231.0,534.7520000000952,0,1,,,,
16,17,2,1,17,2,5,3,2,17,2,39.0,50.0,50.0,32.0,22.0,47.0,72.0,37.0,50.0,31.0,24.0,40.0,237.0,257.0,350.93099999998225,1,1,,,,
17,17,2,1,18,2,5,3,2,18,2,46.0,41.0,48.0,15.0,29.0,28.0,18.0,59.0,56.0,38.0,17.0,38.0,219.0,214.0,334.22000000000116,1,0,,,,
18,17,2,1,19,1,5,3,2,19,1,12.0,32.0,36.0,28.0,32.0,69.0,40.0,15.0,18.0,31.0,49.0,70.0,187.0,245.0,233.9539999999862,1,1,,,,
19,17,2,1,20,1,5,3,2,20,3,24.0,27.0,30.0,13.0,30.0,28.0,21.0,46.0,29.0,33.0,53.0,28.0,187.0,175.0,300.79799999998056,0,1,,,,
20,17,2,1,21,1,5,3,2,21,3,27.0,14.0,19.0,34.0,72.0,13.0,38.0,77.0,51.0,37.0,40.0,18.0,247.0,193.0,384.3529999999735,0,1,,,,
21,17,2,1,22,2,5,3,2,22,2,12.0,14.0,52.0,21.0,31.0,69.0,61.0,56.0,12.0,85.0,51.0,49.0,294.0,219.0,350.93099999997634,0,1,,,,
22,17,2,1,23,2,5,3,2,23,4,42.0,35.0,29.0,36.0,34.0,52.0,34.0,10.0,67.0,33.0,21.0,54.0,220.0,227.0,350.93099999998225,0,0,,,,
23,17,2,1,24,1,5,3,2,24,3,40.0,15.0,18.0,31.0,49.0,70.0,12.0,32.0,36.0,28.0,32.0,69.0,187.0,245.0,434.48599999996935,1,1,,,,
24,17,2,1,25,1,5,3,2,25,3,13.0,12.0,11.0,38.0,25.0,22.0,53.0,37.0,19.0,30.0,25.0,27.0,146.0,166.0,401.063999999978,1,1,,,,
25,17,2,1,26,2,5,3,2,26,2,61.0,36.0,32.0,51.0,42.0,32.0,15.0,65.0,53.0,21.0,35.0,40.0,245.0,238.0,284.08699999998197,0,1,,,,
26,17,2,1,27,1,5,3,2,27,3,84.0,61.0,33.0,19.0,24.0,25.0,16.0,24.0,41.0,37.0,55.0,67.0,253.0,233.0,401.063999999978,1,0,,,,
27,17,2,1,28,2,5,3,2,28,2,47.0,52.0,19.0,76.0,25.0,27.0,53.0,44.0,36.0,20.0,48.0,23.0,242.0,228.0,233.9539999999862,0,1,,,,
28,17,2,1,29,1,5,3,2,29,1,56.0,26.0,10.0,36.0,18.0,70.0,15.0,25.0,76.0,49.0,34.0,58.0,209.0,264.0,233.9540000000153,1,1,,,,
29,17,2,1,30,2,5,3,2,30,2,27.0,36.0,39.0,37.0,13.0,46.0,12.0,40.0,40.0,28.0,78.0,36.0,223.0,209.0,401.06399999997217,1,0,,,,
30,17,2,1,31,2,5,3,2,31,2,54.0,26.0,51.0,40.0,19.0,44.0,24.0,38.0,21.0,43.0,23.0,81.0,272.0,192.0,334.2200000000827,0,1,,,,
31,17,2,1,32,2,5,3,2,32,2,57.0,31.0,65.0,30.0,30.0,40.0,32.0,57.0,22.0,18.0,15.0,15.0,191.0,221.0,635.0179999999586,1,1,,,,
32,17,2,1,33,2,5,3,2,33,2,24.0,43.0,39.0,36.0,25.0,52.0,45.0,46.0,64.0,59.0,62.0,36.0,272.0,259.0,284.0869999999937,0,1,,,,
33,17,2,1,34,2,5,3,2,34,4,23.0,52.0,29.0,41.0,72.0,54.0,46.0,14.0,20.0,19.0,53.0,27.0,207.0,243.0,384.35300000009016,1,1,,,,
34,17,2,1,35,1,5,3,2,35,1,14.0,27.0,32.0,20.0,64.0,15.0,11.0,16.0,14.0,23.0,40.0,10.0,175.0,111.0,284.08699999998197,0,1,,,,
35,17,2,1,36,1,5,3,2,36,1,38.0,77.0,51.0,37.0,40.0,18.0,27.0,14.0,19.0,34.0,72.0,13.0,247.0,193.0,217.24299999998178,0,1,,,,
36,17,2,1,37,2,5,3,2,37,2,17.0,11.0,62.0,53.0,14.0,10.0,42.0,14.0,42.0,29.0,46.0,19.0,136.0,223.0,768.7059999999942,0,0,,,,
37,17,2,1,38,2,5,3,2,38,2,16.0,18.0,13.0,48.0,35.0,42.0,21.0,41.0,18.0,23.0,56.0,40.0,212.0,159.0,233.9539999999862,0,1,,,,
38,17,2,1,39,1,5,3,2,39,1,42.0,22.0,81.0,10.0,45.0,32.0,42.0,35.0,16.0,41.0,41.0,28.0,267.0,168.0,317.50899999997915,0,1,,,,
39,17,2,1,40,2,5,3,2,40,2,13.0,20.0,26.0,32.0,16.0,28.0,13.0,51.0,59.0,23.0,14.0,88.0,242.0,141.0,417.77500000007586,0,1,,,,
40,17,2,1,41,2,5,3,2,41,4,60.0,46.0,39.0,25.0,26.0,83.0,10.0,56.0,73.0,15.0,31.0,21.0,246.0,239.0,317.50899999997915,0,1,,,,
41,17,2,1,42,1,5,3,2,42,3,14.0,16.0,26.0,33.0,30.0,33.0,68.0,33.0,22.0,13.0,69.0,17.0,229.0,145.0,300.79800000008544,0,1,,,,
42,17,2,1,43,1,5,3,2,43,3,46.0,63.0,44.0,17.0,26.0,39.0,10.0,36.0,56.0,53.0,53.0,55.0,235.0,263.0,317.50899999997915,0,0,,,,
43,17,2,1,44,1,5,3,2,44,3,25.0,12.0,68.0,14.0,56.0,18.0,10.0,20.0,26.0,35.0,60.0,29.0,245.0,128.0,217.24300000003413,0,1,,,,
44,17,2,1,45,2,5,3,2,45,4,12.0,40.0,40.0,28.0,78.0,36.0,27.0,36.0,39.0,37.0,13.0,46.0,223.0,209.0,200.531999999989,1,0,,,,
45,17,2,1,46,1,5,3,2,46,1,12.0,61.0,32.0,33.0,27.0,68.0,24.0,44.0,30.0,22.0,75.0,26.0,200.0,254.0,1420.4349999999179,1,1,,,,
46,17,2,1,47,2,5,3,2,47,2,46.0,14.0,20.0,19.0,53.0,27.0,23.0,52.0,29.0,41.0,72.0,54.0,207.0,243.0,317.508999999985,1,1,,,,
47,17,2,1,48,2,5,3,2,48,4,72.0,37.0,50.0,31.0,24.0,40.0,39.0,50.0,50.0,32.0,22.0,47.0,237.0,257.0,451.394999999972,1,1,,,,
48,17,2,1,49,2,5,3,2,49,4,32.0,57.0,22.0,18.0,15.0,15.0,57.0,31.0,65.0,30.0,30.0,40.0,191.0,221.0,802.1279999999568,0,0,,,,
49,17,2,1,50,1,5,3,2,50,1,53.0,65.0,28.0,80.0,40.0,20.0,63.0,13.0,30.0,49.0,11.0,68.0,225.0,295.0,284.0869999999878,1,1,,,,
50,17,2,2,1,2,6,1,2,51,4,88.0,23.0,44.0,26.0,44.0,34.0,32.0,53.0,48.0,12.0,26.0,58.0,259.0,229.0,1336.8799999999248,1,0,,,,
51,17,2,2,2,2,6,1,2,52,2,24.0,72.0,72.0,46.0,59.0,16.0,28.0,14.0,47.0,35.0,41.0,19.0,289.0,184.0,317.50900000013644,0,1,,,,
52,17,2,2,3,2,6,1,2,53,4,17.0,15.0,53.0,63.0,29.0,27.0,35.0,18.0,26.0,41.0,58.0,15.0,204.0,193.0,334.22000000018164,0,1,,,,
53,17,2,2,4,1,6,1,2,54,3,19.0,60.0,44.0,26.0,77.0,63.0,27.0,71.0,33.0,19.0,80.0,43.0,289.0,273.0,367.64199999998084,1,0,,,,
54,17,2,2,5,1,6,1,2,55,1,19.0,60.0,22.0,81.0,45.0,68.0,32.0,16.0,44.0,16.0,40.0,27.0,295.0,175.0,267.37599999996587,0,1,,,,
55,17,2,2,6,1,6,1,2,56,1,27.0,71.0,33.0,19.0,80.0,43.0,19.0,60.0,44.0,26.0,77.0,63.0,273.0,289.0,300.7979999999748,1,1,,,,
56,17,2,2,7,1,6,1,2,57,3,56.0,29.0,13.0,18.0,85.0,16.0,31.0,76.0,31.0,55.0,16.0,58.0,217.0,267.0,317.50900000019465,1,1,,,,
57,17,2,2,8,1,6,1,2,58,1,12.0,31.0,62.0,11.0,62.0,26.0,30.0,31.0,37.0,18.0,52.0,36.0,204.0,204.0,233.9539999999804,0,1,,,,
58,17,2,2,9,1,6,1,2,59,1,34.0,40.0,48.0,68.0,48.0,28.0,42.0,47.0,55.0,23.0,65.0,43.0,266.0,275.0,367.78599999999864,1,1,,,,
59,17,2,2,10,1,6,1,2,60,3,40.0,72.0,56.0,59.0,19.0,30.0,24.0,24.0,47.0,25.0,10.0,12.0,276.0,142.0,518.0409999999681,0,1,,,,
60,17,2,2,11,1,6,1,2,61,3,29.0,26.0,19.0,57.0,47.0,45.0,35.0,12.0,35.0,17.0,15.0,58.0,223.0,172.0,1336.8799999999135,1,0,,,,
61,17,2,2,12,2,6,1,2,62,4,62.0,23.0,76.0,55.0,22.0,15.0,38.0,18.0,21.0,11.0,19.0,28.0,253.0,135.0,317.5089999999733,0,1,,,,
62,17,2,2,13,2,6,1,2,63,4,16.0,28.0,18.0,19.0,32.0,32.0,10.0,12.0,24.0,11.0,37.0,39.0,145.0,133.0,367.6419999999691,1,0,,,,
63,17,2,2,14,2,6,1,2,64,4,43.0,15.0,54.0,43.0,47.0,20.0,32.0,19.0,46.0,33.0,17.0,23.0,222.0,170.0,233.9540000001201,0,1,,,,
64,17,2,2,15,2,6,1,2,65,2,46.0,61.0,84.0,20.0,22.0,26.0,53.0,11.0,36.0,14.0,87.0,30.0,259.0,231.0,200.53199999999484,0,1,,,,
65,17,2,2,16,2,6,1,2,66,2,57.0,20.0,16.0,39.0,23.0,30.0,21.0,22.0,10.0,37.0,36.0,60.0,185.0,186.0,200.53199999998319,1,1,,,,
66,17,2,2,17,1,6,1,2,67,3,56.0,31.0,12.0,50.0,22.0,31.0,18.0,43.0,41.0,57.0,33.0,20.0,202.0,212.0,284.0869999999878,1,1,,,,
67,17,2,2,18,1,6,1,2,68,1,12.0,13.0,33.0,26.0,14.0,45.0,33.0,41.0,70.0,19.0,22.0,20.0,143.0,205.0,233.9539999999804,1,1,,,,
68,17,2,2,19,1,6,1,2,69,1,29.0,49.0,35.0,13.0,16.0,70.0,52.0,25.0,16.0,80.0,48.0,30.0,212.0,251.0,284.0869999999762,1,1,,,,
69,17,2,2,20,2,6,1,2,70,4,15.0,65.0,78.0,11.0,14.0,32.0,55.0,39.0,51.0,24.0,14.0,44.0,215.0,227.0,350.93099999998225,0,0,,,,
70,17,2,2,21,2,6,1,2,71,2,43.0,40.0,35.0,54.0,55.0,39.0,85.0,84.0,26.0,17.0,27.0,31.0,266.0,270.0,417.7749999999765,1,1,,,,
71,17,2,2,22,2,6,1,2,72,2,15.0,12.0,37.0,64.0,65.0,43.0,84.0,13.0,56.0,53.0,57.0,15.0,236.0,278.0,300.7979999999748,1,1,,,,
72,17,2,2,23,1,6,1,2,73,1,48.0,47.0,26.0,54.0,33.0,43.0,75.0,18.0,76.0,53.0,69.0,16.0,251.0,307.0,300.79799999998636,1,1,,,,
73,17,2,2,24,2,6,1,2,74,4,73.0,34.0,17.0,39.0,30.0,62.0,70.0,17.0,25.0,42.0,11.0,32.0,255.0,197.0,233.953999999992,0,1,,,,
74,17,2,2,25,1,6,1,2,75,1,31.0,14.0,14.0,29.0,39.0,29.0,46.0,11.0,28.0,31.0,14.0,57.0,156.0,187.0,751.9949999999608,1,1,,,,
75,17,2,2,26,1,6,1,2,76,1,24.0,33.0,55.0,39.0,17.0,55.0,13.0,21.0,64.0,49.0,70.0,24.0,223.0,241.0,217.27919999998988,1,1,,,,
76,17,2,2,27,1,6,1,2,77,3,28.0,16.0,22.0,44.0,30.0,34.0,19.0,77.0,20.0,17.0,58.0,14.0,174.0,205.0,484.61899999997087,1,1,,,,
77,17,2,2,28,1,6,1,2,78,3,11.0,24.0,35.0,18.0,47.0,37.0,58.0,68.0,41.0,15.0,34.0,33.0,172.0,249.0,384.35299999996766,1,1,,,,
78,17,2,2,29,1,6,1,2,79,3,20.0,55.0,18.0,60.0,55.0,53.0,36.0,27.0,11.0,62.0,17.0,51.0,261.0,204.0,484.61899999997087,0,1,,,,
79,17,2,2,30,1,6,1,2,80,1,24.0,24.0,47.0,25.0,10.0,12.0,40.0,72.0,56.0,59.0,19.0,30.0,142.0,276.0,200.53199999998319,1,1,,,,
80,17,2,2,31,1,6,1,2,81,1,52.0,60.0,30.0,12.0,27.0,40.0,23.0,90.0,32.0,61.0,14.0,61.0,221.0,281.0,467.90799999997233,1,1,,,,
81,17,2,2,32,2,6,1,2,82,2,50.0,31.0,46.0,46.0,63.0,23.0,36.0,41.0,29.0,48.0,41.0,30.0,259.0,225.0,334.21999999997195,0,1,,,,
82,17,2,2,33,2,6,1,2,83,4,12.0,10.0,58.0,76.0,22.0,48.0,39.0,22.0,17.0,17.0,58.0,16.0,226.0,169.0,701.8619999999527,0,1,,,,
83,17,2,2,34,1,6,1,2,84,1,36.0,27.0,11.0,62.0,17.0,51.0,20.0,55.0,18.0,60.0,55.0,53.0,204.0,261.0,267.37599999998923,0,0,,,,
84,17,2,2,35,1,6,1,2,85,1,78.0,44.0,71.0,17.0,90.0,74.0,71.0,32.0,66.0,39.0,22.0,26.0,374.0,256.0,417.7749999999649,0,1,,,,
85,17,2,2,36,2,6,1,2,86,4,27.0,69.0,57.0,25.0,46.0,14.0,66.0,48.0,85.0,22.0,18.0,15.0,238.0,254.0,200.5320000000065,1,1,,,,
86,17,2,2,37,1,6,1,2,87,1,44.0,24.0,29.0,35.0,22.0,24.0,25.0,14.0,21.0,28.0,44.0,20.0,178.0,152.0,434.4859999999752,0,1,,,,
87,17,2,2,38,1,6,1,2,88,3,18.0,11.0,27.0,18.0,29.0,70.0,36.0,10.0,16.0,10.0,28.0,15.0,173.0,115.0,651.7289999999573,0,1,,,,
88,17,2,2,39,1,6,1,2,89,3,51.0,57.0,27.0,27.0,80.0,32.0,34.0,23.0,12.0,20.0,41.0,15.0,274.0,145.0,217.24299999998178,0,1,,,,
89,17,2,2,40,2,6,1,2,90,2,66.0,48.0,85.0,22.0,18.0,15.0,27.0,69.0,57.0,25.0,46.0,14.0,254.0,238.0,317.5319999999715,0,1,,,,
90,17,2,2,41,2,6,1,2,91,2,10.0,12.0,24.0,11.0,37.0,39.0,16.0,28.0,18.0,19.0,32.0,32.0,133.0,145.0,200.53199999998319,0,0,,,,
91,17,2,2,42,1,6,1,2,92,3,71.0,32.0,66.0,39.0,22.0,26.0,78.0,44.0,71.0,17.0,90.0,74.0,256.0,374.0,233.953999999992,1,1,,,,
92,17,2,2,43,2,6,1,2,93,2,70.0,17.0,25.0,42.0,11.0,32.0,73.0,34.0,17.0,39.0,30.0,62.0,197.0,255.0,401.063999999978,0,0,,,,
93,17,2,2,44,1,6,1,2,94,3,22.0,74.0,27.0,74.0,36.0,18.0,20.0,44.0,17.0,45.0,52.0,23.0,251.0,201.0,334.21999999997195,0,1,,,,
94,17,2,2,45,1,6,1,2,95,3,13.0,21.0,64.0,49.0,70.0,24.0,24.0,33.0,55.0,39.0,17.0,55.0,241.0,223.0,217.24299999998178,0,1,,,,
95,17,2,2,46,1,6,1,2,96,3,32.0,16.0,44.0,16.0,40.0,27.0,19.0,60.0,22.0,81.0,45.0,68.0,175.0,295.0,250.66499999999058,1,1,,,,
96,17,2,2,47,1,6,1,2,97,1,31.0,76.0,31.0,55.0,16.0,58.0,56.0,29.0,13.0,18.0,85.0,16.0,267.0,217.0,384.3529999999794,1,0,,,,
97,17,2,2,48,2,6,1,2,98,2,35.0,18.0,26.0,41.0,58.0,15.0,17.0,15.0,53.0,63.0,29.0,27.0,193.0,204.0,401.063999999978,1,1,,,,
98,17,2,2,49,1,6,1,2,99,3,25.0,14.0,21.0,28.0,44.0,20.0,44.0,24.0,29.0,35.0,22.0,24.0,152.0,178.0,317.5089999999733,1,1,,,,
99,17,2,2,50,2,6,1,2,100,2,39.0,22.0,17.0,17.0,58.0,16.0,12.0,10.0,58.0,76.0,22.0,48.0,169.0,226.0,685.1509999999663,1,1,,,,
100,17,2,3,1,2,2,3,1,101,2,29.0,42.0,50.0,25.0,41.0,28.0,33.0,22.0,27.0,15.0,71.0,74.0,206.0,251.0,651.728999999654,1,1,,,,
101,17,2,3,2,2,2,3,1,102,4,13.0,51.0,59.0,23.0,14.0,88.0,13.0,20.0,26.0,32.0,16.0,28.0,242.0,141.0,334.2200000002049,0,1,,,,
102,17,2,3,3,2,2,3,1,103,2,24.0,44.0,74.0,30.0,21.0,38.0,46.0,20.0,66.0,31.0,64.0,53.0,216.0,295.0,467.90799999982096,1,1,,,,
103,17,2,3,4,1,2,3,1,104,1,10.0,36.0,56.0,53.0,53.0,55.0,46.0,63.0,44.0,17.0,26.0,39.0,235.0,263.0,317.50900000019465,1,1,,,,
104,17,2,3,5,1,2,3,1,105,3,60.0,72.0,10.0,28.0,14.0,56.0,11.0,48.0,26.0,10.0,12.0,28.0,133.0,242.0,317.50900000019465,1,1,,,,
105,17,2,3,6,1,2,3,1,106,3,52.0,73.0,40.0,20.0,12.0,20.0,24.0,49.0,41.0,14.0,48.0,83.0,217.0,259.0,384.35300000023557,1,1,,,,
106,17,2,3,7,2,2,3,1,107,4,84.0,60.0,32.0,66.0,22.0,24.0,29.0,19.0,21.0,39.0,43.0,58.0,266.0,231.0,484.6190000002971,0,1,,,,
107,17,2,3,8,2,2,3,1,108,2,69.0,18.0,28.0,13.0,15.0,57.0,50.0,66.0,37.0,12.0,13.0,38.0,204.0,212.0,451.1969999996711,1,1,,,,
108,17,2,3,9,1,2,3,1,109,3,66.0,16.0,84.0,71.0,62.0,29.0,37.0,39.0,12.0,84.0,36.0,43.0,297.0,282.0,468.10929999984774,1,0,,,,
109,17,2,3,10,1,2,3,1,110,3,42.0,35.0,16.0,41.0,41.0,28.0,42.0,22.0,81.0,10.0,45.0,32.0,267.0,168.0,233.95400000014342,0,1,,,,
110,17,2,3,11,1,2,3,1,111,3,57.0,55.0,42.0,22.0,53.0,67.0,11.0,35.0,48.0,29.0,33.0,28.0,244.0,236.0,568.1740000003716,0,1,,,,
111,17,2,3,12,2,2,3,1,112,4,46.0,18.0,69.0,25.0,24.0,73.0,42.0,83.0,14.0,45.0,73.0,20.0,264.0,268.0,584.8850000003819,0,0,,,,
112,17,2,3,13,1,2,3,1,113,3,11.0,16.0,14.0,23.0,40.0,10.0,14.0,27.0,32.0,20.0,64.0,15.0,175.0,111.0,217.24300000013318,0,1,,,,
113,17,2,3,14,2,2,3,1,114,4,45.0,46.0,64.0,59.0,62.0,36.0,24.0,43.0,39.0,36.0,25.0,52.0,272.0,259.0,217.24299999985385,1,0,,,,
114,17,2,3,15,1,2,3,1,115,3,43.0,33.0,49.0,29.0,52.0,42.0,12.0,13.0,28.0,33.0,34.0,17.0,218.0,167.0,501.329999999632,0,1,,,,
115,17,2,3,16,1,2,3,1,116,3,56.0,14.0,45.0,70.0,36.0,22.0,44.0,16.0,15.0,44.0,20.0,32.0,216.0,198.0,484.6190000002971,1,0,,,,
116,17,2,3,17,1,2,3,1,117,1,37.0,39.0,12.0,84.0,36.0,43.0,66.0,16.0,84.0,71.0,62.0,29.0,297.0,282.0,267.4664999997942,0,1,,,,
117,17,2,3,18,2,2,3,1,118,4,15.0,65.0,53.0,21.0,35.0,40.0,61.0,36.0,32.0,51.0,42.0,32.0,245.0,238.0,200.5319999998436,0,1,,,,
118,17,2,3,19,2,2,3,1,119,4,46.0,20.0,66.0,31.0,64.0,53.0,24.0,44.0,74.0,30.0,21.0,38.0,216.0,295.0,350.93100000021525,1,1,,,,
119,17,2,3,20,1,2,3,1,120,3,23.0,30.0,86.0,55.0,63.0,47.0,10.0,48.0,13.0,34.0,60.0,13.0,255.0,227.0,401.06399999971023,0,1,,,,
120,17,2,3,21,1,2,3,1,121,1,67.0,77.0,35.0,11.0,51.0,41.0,47.0,15.0,28.0,46.0,22.0,68.0,250.0,258.0,250.66499999980445,1,1,,,,
121,17,2,3,22,2,2,3,1,122,2,34.0,10.0,67.0,33.0,21.0,54.0,42.0,35.0,29.0,36.0,34.0,52.0,220.0,227.0,367.6420000002254,1,1,,,,
122,17,2,3,23,1,2,3,1,123,1,15.0,10.0,12.0,27.0,23.0,62.0,15.0,15.0,33.0,37.0,14.0,78.0,112.0,229.0,401.06399999968687,1,1,,,,
123,17,2,3,24,2,2,3,1,124,4,21.0,41.0,18.0,23.0,56.0,40.0,16.0,18.0,13.0,48.0,35.0,42.0,212.0,159.0,250.66499999980445,0,1,,,,
124,17,2,3,25,2,2,3,1,125,4,54.0,48.0,45.0,18.0,24.0,14.0,43.0,21.0,17.0,37.0,15.0,40.0,178.0,198.0,417.7750000002561,1,1,,,,
125,17,2,3,26,1,2,3,1,126,3,47.0,15.0,28.0,46.0,22.0,68.0,67.0,77.0,35.0,11.0,51.0,41.0,250.0,258.0,451.1969999996477,1,1,,,,
126,17,2,3,27,1,2,3,1,127,1,21.0,46.0,29.0,33.0,53.0,28.0,24.0,27.0,30.0,13.0,30.0,28.0,187.0,175.0,350.93099999974936,0,1,,,,
127,17,2,3,28,1,2,3,1,128,1,68.0,33.0,22.0,13.0,69.0,17.0,14.0,16.0,26.0,33.0,30.0,33.0,229.0,145.0,417.77499999967387,0,1,,,,
128,17,2,3,29,1,2,3,1,129,1,10.0,48.0,13.0,34.0,60.0,13.0,23.0,30.0,86.0,55.0,63.0,47.0,255.0,227.0,685.1510000004432,0,1,,,,
129,17,2,3,30,1,2,3,1,130,1,24.0,49.0,41.0,14.0,48.0,83.0,52.0,73.0,40.0,20.0,12.0,20.0,217.0,259.0,217.24299999983052,1,1,,,,
130,17,2,3,31,1,2,3,1,131,3,54.0,30.0,10.0,29.0,15.0,22.0,27.0,28.0,27.0,12.0,89.0,26.0,222.0,147.0,250.66499999980445,0,1,,,,
131,17,2,3,32,1,2,3,1,132,3,63.0,13.0,30.0,49.0,11.0,68.0,53.0,65.0,28.0,80.0,40.0,20.0,225.0,295.0,467.90800000028685,1,1,,,,
132,17,2,3,33,1,2,3,1,133,1,16.0,68.0,26.0,37.0,26.0,49.0,21.0,73.0,11.0,16.0,23.0,36.0,123.0,279.0,200.5320000001229,1,1,,,,
133,17,2,3,34,1,2,3,1,134,1,53.0,37.0,19.0,30.0,25.0,27.0,13.0,12.0,11.0,38.0,25.0,22.0,146.0,166.0,417.77499999967387,1,1,,,,
134,17,2,3,35,1,2,3,1,135,1,16.0,24.0,41.0,37.0,55.0,67.0,84.0,61.0,33.0,19.0,24.0,25.0,253.0,233.0,384.35300000023557,0,1,,,,
135,17,2,3,36,2,2,3,1,136,4,33.0,22.0,27.0,15.0,71.0,74.0,29.0,42.0,50.0,25.0,41.0,28.0,206.0,251.0,350.9309999997261,1,1,,,,
136,17,2,3,37,2,2,3,1,137,2,42.0,83.0,14.0,45.0,73.0,20.0,46.0,18.0,69.0,25.0,24.0,73.0,264.0,268.0,200.5320000001229,0,0,,,,
137,17,2,3,38,1,2,3,1,138,1,12.0,13.0,28.0,33.0,34.0,17.0,43.0,33.0,49.0,29.0,52.0,42.0,218.0,167.0,417.77499999967387,0,1,,,,
138,17,2,3,39,2,2,3,1,139,2,12.0,34.0,25.0,48.0,20.0,44.0,44.0,64.0,24.0,26.0,51.0,44.0,260.0,176.0,284.0869999999413,0,1,,,,
139,17,2,3,40,1,2,3,1,140,1,10.0,20.0,26.0,35.0,60.0,29.0,25.0,12.0,68.0,14.0,56.0,18.0,245.0,128.0,451.1969999996477,0,1,,,,
140,17,2,3,41,2,2,3,1,141,4,44.0,64.0,24.0,26.0,51.0,44.0,12.0,34.0,25.0,48.0,20.0,44.0,260.0,176.0,334.2200000002049,0,1,,,,
141,17,2,3,42,2,2,3,1,142,2,43.0,21.0,17.0,37.0,15.0,40.0,54.0,48.0,45.0,18.0,24.0,14.0,178.0,198.0,451.1969999996477,0,0,,,,
142,17,2,3,43,2,2,3,1,143,2,10.0,48.0,25.0,10.0,60.0,34.0,18.0,44.0,33.0,41.0,52.0,35.0,212.0,198.0,534.7520000003278,0,1,,,,
143,17,2,3,44,1,2,3,1,144,1,44.0,16.0,15.0,44.0,20.0,32.0,56.0,14.0,45.0,70.0,36.0,22.0,216.0,198.0,350.93100000021525,0,1,,,,
144,17,2,3,45,1,2,3,1,145,3,15.0,15.0,33.0,37.0,14.0,78.0,15.0,10.0,12.0,27.0,23.0,62.0,112.0,229.0,250.66499999982776,1,1,,,,
145,17,2,3,46,2,2,3,1,146,4,61.0,19.0,53.0,57.0,36.0,57.0,60.0,25.0,52.0,61.0,60.0,14.0,233.0,322.0,701.8619999994519,1,1,,,,
146,17,2,3,47,2,2,3,1,147,4,53.0,44.0,36.0,20.0,48.0,23.0,47.0,52.0,19.0,76.0,25.0,27.0,242.0,228.0,250.6650000001537,0,1,,,,
147,17,2,3,48,1,2,3,1,148,1,27.0,28.0,27.0,12.0,89.0,26.0,54.0,30.0,10.0,29.0,15.0,22.0,222.0,147.0,233.95399999984082,0,1,,,,
148,17,2,3,49,2,2,3,1,149,2,14.0,19.0,56.0,44.0,12.0,19.0,18.0,38.0,40.0,10.0,54.0,42.0,172.0,194.0,484.6190000002971,0,0,,,,
149,17,2,3,50,1,2,3,1,150,3,24.0,44.0,30.0,22.0,75.0,26.0,12.0,61.0,32.0,33.0,27.0,68.0,200.0,254.0,434.48600000028966,0,0,,,,
150,17,2,4,1,0,1,2,1,151,0,33.0,10.0,11.0,57.0,30.0,26.0,60.0,32.0,17.0,51.0,23.0,18.0,167.0,201.0,868.9719999993447,0,0,,,,
151,17,2,4,2,0,1,2,1,152,0,30.0,38.0,11.0,25.0,63.0,21.0,16.0,28.0,28.0,34.0,14.0,50.0,188.0,170.0,417.77499999967387,0,1,,,,
152,17,2,4,3,0,1,2,1,153,0,49.0,43.0,20.0,62.0,15.0,59.0,50.0,52.0,28.0,36.0,79.0,46.0,248.0,291.0,735.2839999995423,0,0,,,,
153,17,2,4,4,0,1,2,1,154,0,52.0,14.0,14.0,43.0,43.0,14.0,41.0,10.0,53.0,17.0,33.0,40.0,180.0,194.0,417.77499999967387,0,0,,,,
154,17,2,4,5,0,1,2,1,155,0,15.0,56.0,56.0,27.0,47.0,15.0,38.0,61.0,63.0,29.0,37.0,51.0,216.0,279.0,367.64199999971305,1,1,,,,
155,17,2,4,6,0,1,2,1,156,0,19.0,16.0,45.0,14.0,21.0,18.0,22.0,13.0,56.0,56.0,74.0,32.0,133.0,253.0,618.3069999995172,1,1,,,,
156,17,2,4,7,0,1,2,1,157,0,33.0,15.0,38.0,41.0,10.0,17.0,60.0,17.0,42.0,10.0,51.0,37.0,154.0,217.0,467.90800000028685,1,1,,,,
157,17,2,4,8,0,1,2,1,158,0,68.0,25.0,18.0,51.0,34.0,16.0,11.0,36.0,15.0,79.0,14.0,33.0,212.0,188.0,601.5960000003921,1,0,,,,
158,17,2,4,9,0,1,2,1,159,0,43.0,29.0,79.0,16.0,40.0,67.0,18.0,16.0,11.0,50.0,26.0,42.0,274.0,163.0,401.0640000002458,0,1,,,,
159,17,2,4,10,0,1,2,1,160,0,72.0,36.0,10.0,18.0,13.0,49.0,20.0,17.0,24.0,52.0,19.0,62.0,198.0,194.0,785.4170000005048,1,0,,,,
160,17,2,4,11,0,1,2,1,161,0,28.0,17.0,41.0,18.0,32.0,23.0,35.0,36.0,69.0,30.0,14.0,13.0,159.0,197.0,451.1969999996477,1,1,,,,
161,17,2,4,12,0,1,2,1,162,0,24.0,40.0,17.0,51.0,37.0,54.0,76.0,63.0,43.0,24.0,20.0,19.0,223.0,245.0,384.3529999997,0,0,,,,
162,17,2,4,13,0,1,2,1,163,0,62.0,49.0,34.0,72.0,13.0,34.0,49.0,56.0,18.0,65.0,77.0,15.0,264.0,280.0,384.3530000002589,1,1,,,,
163,17,2,4,14,0,1,2,1,164,0,49.0,14.0,27.0,49.0,53.0,69.0,44.0,67.0,62.0,63.0,33.0,80.0,261.0,349.0,3041.601100001926,1,1,,,,
164,17,2,4,15,0,1,2,1,165,0,25.0,26.0,26.0,55.0,10.0,53.0,11.0,10.0,16.0,36.0,20.0,18.0,195.0,111.0,969.2379999992662,0,1,,,,
165,17,2,4,16,0,1,2,1,166,0,60.0,16.0,53.0,64.0,21.0,15.0,27.0,44.0,19.0,11.0,32.0,29.0,229.0,162.0,417.77500000027936,0,1,,,,
166,17,2,4,17,0,1,2,1,167,0,38.0,15.0,25.0,50.0,12.0,19.0,32.0,27.0,33.0,53.0,32.0,59.0,159.0,236.0,384.3530000002123,1,1,,,,
167,17,2,4,18,0,1,2,1,168,0,53.0,23.0,20.0,84.0,16.0,18.0,31.0,24.0,19.0,22.0,43.0,53.0,214.0,192.0,467.90800000028685,0,1,,,,
168,17,2,4,19,0,1,2,1,169,0,16.0,86.0,39.0,20.0,60.0,10.0,18.0,52.0,76.0,65.0,56.0,25.0,231.0,292.0,334.2200000002049,1,1,,,,
169,17,2,4,20,0,1,2,1,170,0,27.0,44.0,19.0,11.0,32.0,29.0,60.0,16.0,53.0,64.0,21.0,15.0,162.0,229.0,401.0640000002458,1,1,,,,
170,17,2,4,21,0,1,2,1,171,0,24.0,60.0,29.0,40.0,17.0,61.0,67.0,52.0,24.0,33.0,25.0,55.0,231.0,256.0,468.1038000000408,0,0,,,,
171,17,2,4,22,0,1,2,1,172,0,56.0,69.0,10.0,25.0,30.0,10.0,30.0,51.0,17.0,29.0,24.0,30.0,200.0,181.0,551.4629999995694,0,1,,,,
172,17,2,4,23,0,1,2,1,173,0,32.0,34.0,32.0,64.0,47.0,43.0,38.0,23.0,36.0,13.0,58.0,52.0,252.0,220.0,417.77499999967387,0,1,,,,
173,17,2,4,24,0,1,2,1,174,0,19.0,51.0,57.0,23.0,49.0,40.0,82.0,11.0,44.0,41.0,73.0,25.0,239.0,276.0,417.84700000027664,1,1,,,,
174,17,2,4,25,0,1,2,1,175,0,38.0,61.0,63.0,29.0,37.0,51.0,15.0,56.0,56.0,27.0,47.0,15.0,279.0,216.0,434.4859999996608,0,1,,,,
175,17,2,4,26,0,1,2,1,176,0,11.0,10.0,16.0,36.0,20.0,18.0,25.0,26.0,26.0,55.0,10.0,53.0,111.0,195.0,350.9309999997261,1,1,,,,
176,17,2,4,27,0,1,2,1,177,0,39.0,13.0,53.0,30.0,56.0,25.0,38.0,24.0,17.0,12.0,19.0,56.0,216.0,166.0,518.0410000003176,1,0,,,,
177,17,2,4,28,0,1,2,1,178,0,27.0,76.0,42.0,62.0,35.0,39.0,23.0,10.0,28.0,12.0,63.0,55.0,281.0,191.0,484.61900000032034,0,1,,,,
178,17,2,4,29,0,1,2,1,179,0,46.0,14.0,57.0,44.0,31.0,74.0,36.0,63.0,64.0,72.0,11.0,41.0,266.0,287.0,417.7750000002561,1,1,,,,
179,17,2,4,30,0,1,2,1,180,0,44.0,22.0,61.0,34.0,49.0,10.0,11.0,22.0,42.0,26.0,79.0,40.0,220.0,220.0,584.8849999995432,0,1,,,,
180,17,2,4,31,0,1,2,1,181,0,38.0,24.0,17.0,12.0,19.0,56.0,39.0,13.0,53.0,30.0,56.0,25.0,166.0,216.0,384.3530000002589,1,1,,,,
181,17,2,4,32,0,1,2,1,182,0,35.0,19.0,61.0,39.0,57.0,12.0,28.0,11.0,69.0,23.0,15.0,64.0,223.0,210.0,384.3529999997,1,0,,,,
182,17,2,4,33,0,1,2,1,183,0,63.0,30.0,26.0,19.0,28.0,57.0,10.0,30.0,10.0,59.0,25.0,67.0,223.0,201.0,384.35300000023557,1,0,,,,
183,17,2,4,34,0,1,2,1,184,0,36.0,18.0,77.0,26.0,43.0,53.0,14.0,55.0,31.0,38.0,42.0,47.0,253.0,227.0,350.93100000021525,0,1,,,,
184,17,2,4,35,0,1,2,1,185,0,32.0,27.0,33.0,53.0,32.0,59.0,38.0,15.0,25.0,50.0,12.0,19.0,236.0,159.0,401.06399999968687,0,1,,,,
185,17,2,4,36,0,1,2,1,186,0,14.0,55.0,31.0,38.0,42.0,47.0,36.0,18.0,77.0,26.0,43.0,53.0,227.0,253.0,451.1969999996711,0,0,,,,
186,17,2,4,37,0,1,2,1,187,0,41.0,72.0,44.0,19.0,18.0,67.0,43.0,68.0,54.0,20.0,40.0,57.0,261.0,282.0,401.06399999971023,0,0,,,,
187,17,2,4,38,0,1,2,1,188,0,23.0,20.0,18.0,52.0,26.0,14.0,62.0,41.0,18.0,79.0,71.0,42.0,153.0,313.0,417.77500000027936,1,1,,,,
188,17,2,4,39,0,1,2,1,189,0,60.0,17.0,42.0,10.0,51.0,37.0,33.0,15.0,38.0,41.0,10.0,17.0,217.0,154.0,367.64199999975966,0,1,,,,
189,17,2,4,40,0,1,2,1,190,0,36.0,63.0,64.0,72.0,11.0,41.0,46.0,14.0,57.0,44.0,31.0,74.0,287.0,266.0,467.9079999996347,1,0,,,,
190,17,2,4,41,0,1,2,1,191,0,41.0,10.0,53.0,17.0,33.0,40.0,52.0,14.0,14.0,43.0,43.0,14.0,194.0,180.0,434.48600000028966,0,1,,,,
191,17,2,4,42,0,1,2,1,192,0,75.0,23.0,21.0,38.0,43.0,40.0,21.0,44.0,51.0,45.0,18.0,17.0,240.0,196.0,300.79800000018435,0,1,,,,
192,17,2,4,43,0,1,2,1,193,0,44.0,67.0,62.0,63.0,33.0,80.0,49.0,14.0,27.0,49.0,53.0,69.0,349.0,261.0,401.06399999968687,0,1,,,,
193,17,2,4,44,0,1,2,1,194,0,13.0,56.0,32.0,50.0,28.0,16.0,22.0,17.0,51.0,85.0,36.0,34.0,195.0,245.0,401.06399999975685,1,1,,,,
194,17,2,4,45,0,1,2,1,195,0,31.0,24.0,19.0,22.0,43.0,53.0,53.0,23.0,20.0,84.0,16.0,18.0,192.0,214.0,484.61900000032034,1,1,,,,
195,17,2,4,46,0,1,2,1,196,0,22.0,13.0,56.0,56.0,74.0,32.0,19.0,16.0,45.0,14.0,21.0,18.0,253.0,133.0,384.35300000023557,0,1,,,,
196,17,2,4,47,0,1,2,1,197,0,11.0,17.0,47.0,21.0,34.0,41.0,71.0,35.0,52.0,58.0,39.0,32.0,171.0,287.0,401.06399999968687,1,1,,,,
197,17,2,4,48,0,1,2,1,198,0,36.0,26.0,69.0,20.0,20.0,26.0,25.0,47.0,74.0,71.0,57.0,43.0,197.0,317.0,401.06399999968687,1,1,,,,
198,17,2,4,49,0,1,2,1,199,0,39.0,25.0,71.0,59.0,21.0,59.0,26.0,42.0,20.0,39.0,20.0,50.0,274.0,197.0,401.064000000106,0,1,,,,
199,17,2,4,50,0,1,2,1,200,0,52.0,74.0,46.0,21.0,19.0,25.0,34.0,14.0,43.0,59.0,45.0,40.0,237.0,235.0,568.1739999995798,0,1,,,,
200,17,2,5,1,2,3,1,1,201,4,28.0,14.0,47.0,35.0,41.0,19.0,24.0,72.0,72.0,46.0,59.0,16.0,184.0,289.0,284.22860000017096,1,1,,,,
201,17,2,5,2,1,3,1,1,202,1,18.0,43.0,41.0,57.0,33.0,20.0,56.0,31.0,12.0,50.0,22.0,31.0,212.0,202.0,651.7289999995144,0,1,,,,
202,17,2,5,3,2,3,1,1,203,2,75.0,52.0,37.0,25.0,68.0,71.0,49.0,23.0,17.0,57.0,53.0,68.0,328.0,267.0,467.9080000003102,0,1,,,,
203,17,2,5,4,2,3,1,1,204,2,30.0,61.0,30.0,25.0,71.0,45.0,31.0,73.0,51.0,25.0,52.0,56.0,262.0,288.0,300.79800000020765,1,1,,,,
204,17,2,5,5,2,3,1,1,205,4,21.0,22.0,10.0,37.0,36.0,60.0,57.0,20.0,16.0,39.0,23.0,30.0,186.0,185.0,401.06399999971023,1,0,,,,
205,17,2,5,6,2,3,1,1,206,4,85.0,84.0,26.0,17.0,27.0,31.0,43.0,40.0,35.0,54.0,55.0,39.0,270.0,266.0,668.439999999478,0,1,,,,
206,17,2,5,7,1,3,1,1,207,1,34.0,23.0,12.0,20.0,41.0,15.0,51.0,57.0,27.0,27.0,80.0,32.0,145.0,274.0,350.9309999997261,1,1,,,,
207,17,2,5,8,1,3,1,1,208,3,35.0,34.0,50.0,15.0,35.0,43.0,41.0,77.0,68.0,28.0,59.0,49.0,212.0,322.0,267.3759999997914,1,1,,,,
208,17,2,5,9,1,3,1,1,209,1,35.0,12.0,35.0,17.0,15.0,58.0,29.0,26.0,19.0,57.0,47.0,45.0,172.0,223.0,384.3530000002589,1,1,,,,
209,17,2,5,10,1,3,1,1,210,3,23.0,90.0,32.0,61.0,14.0,61.0,52.0,60.0,30.0,12.0,27.0,40.0,281.0,221.0,350.9309999997261,0,1,,,,
210,17,2,5,11,1,3,1,1,211,3,68.0,27.0,50.0,45.0,51.0,10.0,16.0,25.0,23.0,34.0,45.0,15.0,251.0,158.0,467.9080000003102,0,1,,,,
211,17,2,5,12,1,3,1,1,212,1,36.0,10.0,16.0,10.0,28.0,15.0,18.0,11.0,27.0,18.0,29.0,70.0,115.0,173.0,284.08699999977836,0,0,,,,
212,17,2,5,13,1,3,1,1,213,1,16.0,25.0,23.0,34.0,45.0,15.0,68.0,27.0,50.0,45.0,51.0,10.0,158.0,251.0,568.1740000003716,1,1,,,,
213,17,2,5,14,1,3,1,1,214,3,24.0,35.0,24.0,25.0,18.0,69.0,53.0,67.0,18.0,28.0,35.0,10.0,195.0,211.0,534.7519999995825,0,0,,,,
214,17,2,5,15,2,3,1,1,215,2,72.0,10.0,43.0,43.0,59.0,48.0,11.0,21.0,11.0,17.0,14.0,28.0,275.0,102.0,350.93100000021525,0,1,,,,
215,17,2,5,16,2,3,1,1,216,4,83.0,44.0,40.0,15.0,18.0,13.0,17.0,76.0,63.0,83.0,78.0,40.0,213.0,357.0,434.48600000028966,1,1,,,,
216,17,2,5,17,2,3,1,1,217,4,84.0,13.0,56.0,53.0,57.0,15.0,15.0,12.0,37.0,64.0,65.0,43.0,278.0,236.0,417.7750000002561,0,1,,,,
217,17,2,5,18,1,3,1,1,218,1,19.0,77.0,20.0,17.0,58.0,14.0,28.0,16.0,22.0,44.0,30.0,34.0,205.0,174.0,417.77499999967387,0,1,,,,
218,17,2,5,19,2,3,1,1,219,2,66.0,72.0,50.0,26.0,48.0,35.0,74.0,25.0,52.0,57.0,40.0,13.0,297.0,261.0,735.2840000004741,0,1,,,,
219,17,2,5,20,2,3,1,1,220,4,42.0,36.0,40.0,41.0,40.0,41.0,71.0,32.0,70.0,64.0,56.0,27.0,240.0,320.0,417.77499999967387,1,1,,,,
220,17,2,5,21,2,3,1,1,221,2,71.0,32.0,70.0,64.0,56.0,27.0,42.0,36.0,40.0,41.0,40.0,41.0,320.0,240.0,401.0640000002458,0,1,,,,
221,17,2,5,22,2,3,1,1,222,4,74.0,25.0,52.0,57.0,40.0,13.0,66.0,72.0,50.0,26.0,48.0,35.0,261.0,297.0,200.53199999986683,1,1,,,,
222,17,2,5,23,2,3,1,1,223,2,83.0,24.0,40.0,53.0,17.0,12.0,53.0,43.0,61.0,20.0,30.0,17.0,229.0,224.0,551.4629999995926,0,1,,,,
223,17,2,5,24,1,3,1,1,224,3,33.0,41.0,70.0,19.0,22.0,20.0,12.0,13.0,33.0,26.0,14.0,45.0,205.0,143.0,300.7979999997653,0,1,,,,
224,17,2,5,25,2,3,1,1,225,4,53.0,43.0,61.0,20.0,30.0,17.0,83.0,24.0,40.0,53.0,17.0,12.0,224.0,229.0,919.1050000005868,1,1,,,,
225,17,2,5,26,1,3,1,1,226,3,52.0,25.0,16.0,80.0,48.0,30.0,29.0,49.0,35.0,13.0,16.0,70.0,251.0,212.0,919.1049999995384,0,1,,,,
226,17,2,5,27,2,3,1,1,227,4,49.0,23.0,17.0,57.0,53.0,68.0,75.0,52.0,37.0,25.0,68.0,71.0,267.0,328.0,451.1969999996477,1,1,,,,
227,17,2,5,28,1,3,1,1,228,3,46.0,11.0,28.0,31.0,14.0,57.0,31.0,14.0,14.0,29.0,39.0,29.0,187.0,156.0,618.3069999995638,0,1,,,,
228,17,2,5,29,1,3,1,1,229,1,20.0,44.0,17.0,45.0,52.0,23.0,22.0,74.0,27.0,74.0,36.0,18.0,201.0,251.0,284.08700000057,1,1,,,,
229,17,2,5,30,2,3,1,1,230,2,32.0,53.0,48.0,12.0,26.0,58.0,88.0,23.0,44.0,26.0,44.0,34.0,229.0,259.0,267.3760000005364,0,0,,,,
230,17,2,5,31,2,3,1,1,231,2,37.0,59.0,54.0,17.0,67.0,87.0,59.0,27.0,33.0,70.0,29.0,34.0,321.0,252.0,200.5319999998436,0,1,,,,
231,17,2,5,32,1,3,1,1,232,1,41.0,77.0,68.0,28.0,59.0,49.0,35.0,34.0,50.0,15.0,35.0,43.0,322.0,212.0,534.7519999995825,0,1,,,,
232,17,2,5,33,1,3,1,1,233,3,75.0,18.0,76.0,53.0,69.0,16.0,48.0,47.0,26.0,54.0,33.0,43.0,307.0,251.0,233.9539999998175,0,1,,,,
233,17,2,5,34,2,3,1,1,234,4,59.0,27.0,33.0,70.0,29.0,34.0,37.0,59.0,54.0,17.0,67.0,87.0,252.0,321.0,651.7289999994911,1,1,,,,
234,17,2,5,35,2,3,1,1,235,4,11.0,21.0,11.0,17.0,14.0,28.0,72.0,10.0,43.0,43.0,59.0,48.0,102.0,275.0,501.32999999960856,1,1,,,,
235,17,2,5,36,2,3,1,1,236,2,17.0,76.0,63.0,83.0,78.0,40.0,83.0,44.0,40.0,15.0,18.0,13.0,357.0,213.0,317.50899999975223,0,1,,,,
236,17,2,5,37,2,3,1,1,237,4,42.0,62.0,33.0,34.0,12.0,50.0,18.0,42.0,54.0,17.0,21.0,24.0,233.0,176.0,785.4169999993866,0,1,,,,
237,17,2,5,38,1,3,1,1,238,3,30.0,31.0,37.0,18.0,52.0,36.0,12.0,31.0,62.0,11.0,62.0,26.0,204.0,204.0,317.63499999973,1,1,,,,
238,17,2,5,39,2,3,1,1,239,4,53.0,11.0,36.0,14.0,87.0,30.0,46.0,61.0,84.0,20.0,22.0,26.0,231.0,259.0,1320.1689999989705,0,0,,,,
239,17,2,5,40,2,3,1,1,240,4,48.0,72.0,55.0,31.0,43.0,45.0,64.0,45.0,69.0,50.0,68.0,25.0,294.0,321.0,200.5319999998436,1,1,,,,
240,17,2,5,41,2,3,1,1,241,2,18.0,42.0,54.0,17.0,21.0,24.0,42.0,62.0,33.0,34.0,12.0,50.0,176.0,233.0,434.4859999996608,1,1,,,,
241,17,2,5,42,2,3,1,1,242,2,32.0,19.0,46.0,33.0,17.0,23.0,43.0,15.0,54.0,43.0,47.0,20.0,170.0,222.0,233.9540000005159,1,1,,,,
242,17,2,5,43,2,3,1,1,243,2,55.0,39.0,51.0,24.0,14.0,44.0,15.0,65.0,78.0,11.0,14.0,32.0,227.0,215.0,367.6420000007377,1,0,,,,
243,17,2,5,44,2,3,1,1,244,2,38.0,18.0,21.0,11.0,19.0,28.0,62.0,23.0,76.0,55.0,22.0,15.0,135.0,253.0,200.5319999998436,1,1,,,,
244,17,2,5,45,2,3,1,1,245,4,36.0,41.0,29.0,48.0,41.0,30.0,50.0,31.0,46.0,46.0,63.0,23.0,225.0,259.0,200.5319999998436,1,1,,,,
245,17,2,5,46,1,3,1,1,246,1,58.0,68.0,41.0,15.0,34.0,33.0,11.0,24.0,35.0,18.0,47.0,37.0,249.0,172.0,250.6650000000373,0,1,,,,
246,17,2,5,47,2,3,1,1,247,2,64.0,45.0,69.0,50.0,68.0,25.0,48.0,72.0,55.0,31.0,43.0,45.0,321.0,294.0,200.59799999985847,0,1,,,,
247,17,2,5,48,2,3,1,1,248,4,31.0,73.0,51.0,25.0,52.0,56.0,30.0,61.0,30.0,25.0,71.0,45.0,288.0,262.0,785.4170000015764,1,0,,,,
248,17,2,5,49,1,3,1,1,249,3,42.0,47.0,55.0,23.0,65.0,43.0,34.0,40.0,48.0,68.0,48.0,28.0,275.0,266.0,417.77499999972036,0,1,,,,
249,17,2,5,50,1,3,1,1,250,1,53.0,67.0,18.0,28.0,35.0,10.0,24.0,35.0,24.0,25.0,18.0,69.0,211.0,195.0,401.0640000008048,1,0,,,,
250,17,2,6,1,0,4,2,2,251,0,54.0,38.0,65.0,29.0,39.0,45.0,56.0,16.0,41.0,24.0,73.0,19.0,270.0,229.0,534.751999999629,0,1,,,,
251,17,2,6,2,0,4,2,2,252,0,76.0,63.0,43.0,24.0,20.0,19.0,24.0,40.0,17.0,51.0,37.0,54.0,245.0,223.0,334.21999999978567,0,1,,,,
252,17,2,6,3,0,4,2,2,253,0,60.0,32.0,17.0,51.0,23.0,18.0,33.0,10.0,11.0,57.0,30.0,26.0,201.0,167.0,367.6420000007377,0,1,,,,
253,17,2,6,4,0,4,2,2,254,0,10.0,30.0,10.0,59.0,25.0,67.0,63.0,30.0,26.0,19.0,28.0,57.0,201.0,223.0,434.4859999996608,0,0,,,,
254,17,2,6,5,0,4,2,2,255,0,27.0,35.0,59.0,71.0,27.0,19.0,59.0,41.0,67.0,66.0,34.0,46.0,238.0,313.0,434.4859999996608,1,1,,,,
255,17,2,6,6,0,4,2,2,256,0,71.0,35.0,52.0,58.0,39.0,32.0,11.0,17.0,47.0,21.0,34.0,41.0,287.0,171.0,417.77499999967387,0,1,,,,
256,17,2,6,7,0,4,2,2,257,0,84.0,61.0,58.0,42.0,15.0,14.0,64.0,15.0,42.0,27.0,14.0,28.0,274.0,190.0,702.0249000011016,0,1,,,,
257,17,2,6,8,0,4,2,2,258,0,18.0,16.0,11.0,50.0,26.0,42.0,43.0,29.0,79.0,16.0,40.0,67.0,163.0,274.0,417.77499999967387,1,1,,,,
258,17,2,6,9,0,4,2,2,259,0,35.0,36.0,69.0,30.0,14.0,13.0,28.0,17.0,41.0,18.0,32.0,23.0,197.0,159.0,384.35300000077126,0,1,,,,
259,17,2,6,10,0,4,2,2,260,0,20.0,17.0,24.0,52.0,19.0,62.0,72.0,36.0,10.0,18.0,13.0,49.0,194.0,198.0,417.77499999967387,0,0,,,,
260,17,2,6,11,0,4,2,2,261,0,26.0,42.0,20.0,39.0,20.0,50.0,39.0,25.0,71.0,59.0,21.0,59.0,197.0,274.0,434.4859999996608,1,1,,,,
261,17,2,6,12,0,4,2,2,262,0,11.0,22.0,42.0,26.0,79.0,40.0,44.0,22.0,61.0,34.0,49.0,10.0,220.0,220.0,384.3530000008178,0,1,,,,
262,17,2,6,13,0,4,2,2,263,0,28.0,11.0,69.0,23.0,15.0,64.0,35.0,19.0,61.0,39.0,57.0,12.0,210.0,223.0,367.6420000007377,1,1,,,,
263,17,2,6,14,0,4,2,2,264,0,23.0,10.0,28.0,12.0,63.0,55.0,27.0,76.0,42.0,62.0,35.0,39.0,191.0,281.0,501.32999999960856,1,1,,,,
264,17,2,6,15,0,4,2,2,265,0,20.0,46.0,41.0,65.0,37.0,58.0,43.0,59.0,12.0,46.0,11.0,88.0,267.0,259.0,401.0640000008048,1,0,,,,
265,17,2,6,16,0,4,2,2,266,0,56.0,16.0,41.0,24.0,73.0,19.0,54.0,38.0,65.0,29.0,39.0,45.0,229.0,270.0,451.1969999996477,0,0,,,,
266,17,2,6,17,0,4,2,2,267,0,30.0,64.0,42.0,43.0,50.0,43.0,29.0,32.0,14.0,31.0,40.0,58.0,272.0,204.0,1052.7929999991775,1,0,,,,
267,17,2,6,18,0,4,2,2,268,0,58.0,14.0,31.0,39.0,36.0,17.0,58.0,14.0,24.0,45.0,10.0,29.0,195.0,180.0,718.5730000014422,0,1,,,,
268,17,2,6,19,0,4,2,2,269,0,62.0,41.0,18.0,79.0,71.0,42.0,23.0,20.0,18.0,52.0,26.0,14.0,313.0,153.0,534.7519999995825,0,1,,,,
269,17,2,6,20,0,4,2,2,270,0,69.0,21.0,14.0,13.0,23.0,16.0,36.0,31.0,22.0,26.0,17.0,29.0,156.0,161.0,451.1969999996477,1,1,,,,
270,17,2,6,21,0,4,2,2,271,0,11.0,36.0,15.0,79.0,14.0,33.0,68.0,25.0,18.0,51.0,34.0,16.0,188.0,212.0,417.77500000088486,0,0,,,,
271,17,2,6,22,0,4,2,2,272,0,64.0,15.0,42.0,27.0,14.0,28.0,84.0,61.0,58.0,42.0,15.0,14.0,190.0,274.0,367.64199999971305,1,1,,,,
272,17,2,6,23,0,4,2,2,273,0,13.0,63.0,50.0,35.0,17.0,50.0,31.0,20.0,30.0,72.0,28.0,38.0,228.0,219.0,434.4859999997074,1,0,,,,
273,17,2,6,24,0,4,2,2,274,0,25.0,47.0,74.0,71.0,57.0,43.0,36.0,26.0,69.0,20.0,20.0,26.0,317.0,197.0,434.4859999996608,0,1,,,,
274,17,2,6,25,0,4,2,2,275,0,58.0,14.0,24.0,45.0,10.0,29.0,58.0,14.0,31.0,39.0,36.0,17.0,180.0,195.0,401.06399999968687,0,0,,,,
275,17,2,6,26,0,4,2,2,276,0,46.0,36.0,13.0,29.0,65.0,29.0,47.0,38.0,63.0,16.0,37.0,14.0,218.0,215.0,384.3529999997,0,1,,,,
276,17,2,6,27,0,4,2,2,277,0,30.0,51.0,17.0,29.0,24.0,30.0,56.0,69.0,10.0,25.0,30.0,10.0,181.0,200.0,484.6190000009726,0,0,,,,
277,17,2,6,28,0,4,2,2,278,0,43.0,59.0,12.0,46.0,11.0,88.0,20.0,46.0,41.0,65.0,37.0,58.0,259.0,267.0,484.6190000010191,0,0,,,,
278,17,2,6,29,0,4,2,2,279,0,18.0,52.0,76.0,65.0,56.0,25.0,16.0,86.0,39.0,20.0,60.0,10.0,292.0,231.0,735.3607999994881,0,1,,,,
279,17,2,6,30,0,4,2,2,280,0,47.0,38.0,63.0,16.0,37.0,14.0,46.0,36.0,13.0,29.0,65.0,29.0,215.0,218.0,417.7750000008384,1,1,,,,
280,17,2,6,31,0,4,2,2,281,0,38.0,23.0,36.0,13.0,58.0,52.0,32.0,34.0,32.0,64.0,47.0,43.0,220.0,252.0,401.06399999973365,0,0,,,,
281,17,2,6,32,0,4,2,2,282,0,41.0,42.0,21.0,25.0,61.0,15.0,20.0,49.0,56.0,11.0,26.0,33.0,205.0,195.0,534.7520000010732,0,1,,,,
282,17,2,6,33,0,4,2,2,283,0,16.0,28.0,28.0,34.0,14.0,50.0,30.0,38.0,11.0,25.0,63.0,21.0,170.0,188.0,534.7519999995825,0,0,,,,
283,17,2,6,34,0,4,2,2,284,0,22.0,17.0,51.0,85.0,36.0,34.0,13.0,56.0,32.0,50.0,28.0,16.0,245.0,195.0,467.9079999996813,0,1,,,,
284,17,2,6,35,0,4,2,2,285,0,29.0,83.0,10.0,78.0,83.0,25.0,21.0,29.0,30.0,34.0,24.0,15.0,308.0,153.0,484.6189999996217,0,1,,,,
285,17,2,6,36,0,4,2,2,286,0,21.0,44.0,51.0,45.0,18.0,17.0,75.0,23.0,21.0,38.0,43.0,40.0,196.0,240.0,635.0180000011812,0,0,,,,
286,17,2,6,37,0,4,2,2,287,0,20.0,49.0,56.0,11.0,26.0,33.0,41.0,42.0,21.0,25.0,61.0,15.0,195.0,205.0,451.1969999996477,0,0,,,,
287,17,2,6,38,0,4,2,2,288,0,82.0,11.0,44.0,41.0,73.0,25.0,19.0,51.0,57.0,23.0,49.0,40.0,276.0,239.0,417.7750000008384,0,1,,,,
288,17,2,6,39,0,4,2,2,289,0,12.0,56.0,31.0,44.0,46.0,19.0,16.0,69.0,21.0,17.0,23.0,11.0,208.0,157.0,367.6420000007377,0,1,,,,
289,17,2,6,40,0,4,2,2,290,0,16.0,69.0,21.0,17.0,23.0,11.0,12.0,56.0,31.0,44.0,46.0,19.0,157.0,208.0,367.69999999976716,1,1,,,,
290,17,2,6,41,0,4,2,2,291,0,36.0,31.0,22.0,26.0,17.0,29.0,69.0,21.0,14.0,13.0,23.0,16.0,161.0,156.0,434.4859999997074,0,1,,,,
291,17,2,6,42,0,4,2,2,292,0,34.0,14.0,43.0,59.0,45.0,40.0,52.0,74.0,46.0,21.0,19.0,25.0,235.0,237.0,384.3529999997,0,0,,,,
292,17,2,6,43,0,4,2,2,293,0,50.0,52.0,28.0,36.0,79.0,46.0,49.0,43.0,20.0,62.0,15.0,59.0,291.0,248.0,467.9080000009856,0,1,,,,
293,17,2,6,44,0,4,2,2,294,0,31.0,20.0,30.0,72.0,28.0,38.0,13.0,63.0,50.0,35.0,17.0,50.0,219.0,228.0,668.4399999995246,0,0,,,,
294,17,2,6,45,0,4,2,2,295,0,21.0,29.0,30.0,34.0,24.0,15.0,29.0,83.0,10.0,78.0,83.0,25.0,153.0,308.0,417.77499999967387,1,1,,,,
295,17,2,6,46,0,4,2,2,296,0,43.0,68.0,54.0,20.0,40.0,57.0,41.0,72.0,44.0,19.0,18.0,67.0,282.0,261.0,1270.0360000025944,1,0,,,,
296,17,2,6,47,0,4,2,2,297,0,59.0,41.0,67.0,66.0,34.0,46.0,27.0,35.0,59.0,71.0,27.0,19.0,313.0,238.0,484.6189999996682,0,1,,,,
297,17,2,6,48,0,4,2,2,298,0,29.0,32.0,14.0,31.0,40.0,58.0,30.0,64.0,42.0,43.0,50.0,43.0,204.0,272.0,1253.324999999069,1,1,,,,
298,17,2,6,49,0,4,2,2,299,0,49.0,56.0,18.0,65.0,77.0,15.0,62.0,49.0,34.0,72.0,13.0,34.0,280.0,264.0,451.41039999965585,0,1,,,,
299,17,2,6,50,0,4,2,2,300,0,67.0,52.0,24.0,33.0,25.0,55.0,24.0,60.0,29.0,40.0,17.0,61.0,256.0,231.0,785.4169999993866,1,0,,,,
